subject_id,trial,question_id,category_idx,reward,valid_preference_data,prev_reward,prev_choice,like_cat1,like_cat2,like_cat3,like_cat4,score_cat1,score_cat2,score_cat3,score_cat4
1,1,21,2,3.0,True,0.0,0.0,2.0,4.0,1.0,2.0,1,3,2,4
1,2,22,1,4.0,True,3.0,2.0,4.0,4.0,3.0,2.0,4,2,2,2
1,3,23,1,2.0,True,4.0,1.0,4.0,4.0,2.0,3.0,2,3,2,3
1,4,24,4,4.0,True,2.0,1.0,3.0,2.0,1.0,2.0,1,3,2,4
1,5,25,2,2.0,True,4.0,4.0,2.0,4.0,3.0,1.0,4,2,2,2
1,6,26,2,3.0,True,2.0,2.0,3.0,4.0,1.0,2.0,2,3,2,3
1,7,27,4,4.0,True,3.0,2.0,2.0,2.0,3.0,2.0,1,3,2,4
1,8,28,1,4.0,True,4.0,4.0,4.0,4.0,2.0,1.0,4,2,2,2
1,9,29,4,3.0,True,4.0,1.0,2.0,4.0,1.0,3.0,3,2,2,3
1,10,30,1,3.0,True,3.0,4.0,4.0,4.0,3.0,2.0,3,2,2,3
1,11,31,4,4.0,True,3.0,1.0,3.0,4.0,1.0,2.0,2,2,2,4
1,12,32,1,4.0,True,4.0,4.0,4.0,2.0,1.0,2.0,4,3,2,1
1,13,33,4,4.0,True,4.0,1.0,2.0,4.0,3.0,3.0,2,2,2,4
1,14,34,2,3.0,True,4.0,4.0,2.0,4.0,3.0,1.0,1,3,2,4
1,15,35,1,4.0,True,3.0,2.0,4.0,4.0,2.0,2.0,4,2,2,2
1,16,36,4,3.0,True,4.0,1.0,3.0,4.0,3.0,1.0,2,3,2,3
1,17,37,4,3.0,True,3.0,4.0,2.0,4.0,3.0,2.0,3,2,2,3
1,18,38,1,1.0,True,3.0,4.0,4.0,2.0,1.0,2.0,1,3,2,4
1,19,39,4,2.0,True,1.0,1.0,2.0,4.0,2.0,2.0,3,3,2,2
1,20,40,1,3.0,True,2.0,4.0,4.0,4.0,1.0,3.0,3,2,2,3
1,21,41,4,4.0,True,3.0,1.0,2.0,4.0,1.0,2.0,1,3,2,4
1,22,42,1,4.0,True,4.0,4.0,4.0,4.0,3.0,2.0,4,2,2,2
1,23,43,4,3.0,True,4.0,1.0,4.0,4.0,2.0,3.0,2,3,2,3
1,24,44,4,4.0,True,3.0,4.0,3.0,2.0,1.0,2.0,1,3,2,4
1,25,45,4,2.0,True,4.0,4.0,2.0,4.0,3.0,1.0,4,2,2,2
1,26,46,2,3.0,True,2.0,4.0,3.0,4.0,1.0,2.0,2,3,2,3
1,27,47,4,4.0,True,3.0,2.0,2.0,2.0,3.0,2.0,1,3,2,4
1,28,48,1,4.0,True,4.0,4.0,4.0,4.0,2.0,1.0,4,2,2,2
1,29,49,1,3.0,True,4.0,1.0,2.0,4.0,1.0,3.0,3,2,2,3
1,30,50,1,3.0,True,3.0,1.0,4.0,4.0,3.0,2.0,3,2,2,3
1,31,51,4,4.0,True,3.0,1.0,3.0,4.0,1.0,2.0,2,2,2,4
1,32,52,4,1.0,True,4.0,4.0,4.0,2.0,1.0,2.0,4,3,2,1
1,33,53,4,4.0,True,1.0,4.0,2.0,4.0,3.0,3.0,2,2,2,4
1,34,54,1,1.0,True,4.0,4.0,2.0,4.0,3.0,1.0,1,3,2,4
1,35,55,1,4.0,True,1.0,1.0,4.0,4.0,2.0,2.0,4,2,2,2
1,36,56,4,3.0,True,4.0,1.0,3.0,4.0,3.0,1.0,2,3,2,3
1,37,57,4,3.0,True,3.0,4.0,2.0,4.0,3.0,2.0,3,2,2,3
1,38,58,1,1.0,True,3.0,4.0,4.0,2.0,1.0,2.0,1,3,2,4
1,39,59,4,2.0,True,1.0,1.0,2.0,4.0,2.0,2.0,3,3,2,2
1,40,60,1,3.0,True,2.0,4.0,4.0,4.0,1.0,3.0,3,2,2,3
2,1,21,2,3.0,True,0.0,0.0,2.0,3.0,3.0,3.0,1,3,2,4
2,2,22,4,2.0,True,3.0,2.0,3.0,4.0,3.0,3.0,4,2,2,2
2,3,23,2,3.0,True,2.0,4.0,4.0,4.0,1.0,2.0,2,3,2,3
2,4,24,4,4.0,True,3.0,2.0,2.0,2.0,2.0,4.0,1,3,2,4
2,5,25,2,2.0,True,4.0,4.0,2.0,4.0,2.0,2.0,4,2,2,2
2,6,26,4,3.0,True,2.0,2.0,2.0,4.0,3.0,3.0,2,3,2,3
2,7,27,4,4.0,True,3.0,4.0,2.0,2.0,3.0,4.0,1,3,2,4
2,8,28,2,2.0,True,4.0,4.0,4.0,3.0,1.0,2.0,4,2,2,2
2,9,29,1,3.0,True,2.0,2.0,2.0,4.0,2.0,2.0,3,2,2,3
2,10,30,1,3.0,True,3.0,1.0,3.0,4.0,2.0,3.0,3,2,2,3
2,11,31,4,4.0,True,3.0,1.0,2.0,3.0,3.0,4.0,2,2,2,4
2,12,32,1,4.0,True,4.0,4.0,4.0,2.0,2.0,3.0,4,3,2,1
2,13,33,2,2.0,True,4.0,1.0,2.0,4.0,2.0,2.0,2,2,2,4
2,14,34,4,4.0,True,2.0,2.0,2.0,4.0,3.0,2.0,1,3,2,4
2,15,35,2,2.0,True,4.0,4.0,3.0,4.0,1.0,3.0,4,2,2,2
2,16,36,1,2.0,True,2.0,2.0,2.0,4.0,3.0,2.0,2,3,2,3
2,17,37,4,3.0,True,2.0,1.0,2.0,3.0,2.0,3.0,3,2,2,3
2,18,38,3,2.0,True,3.0,4.0,4.0,2.0,2.0,3.0,1,3,2,4
2,19,39,4,2.0,True,2.0,3.0,2.0,4.0,1.0,4.0,3,3,2,2
2,20,40,1,3.0,True,2.0,4.0,3.0,4.0,3.0,2.0,3,2,2,3
2,21,41,4,4.0,True,3.0,1.0,2.0,3.0,3.0,3.0,1,3,2,4
2,22,42,1,4.0,True,4.0,4.0,3.0,4.0,3.0,3.0,4,2,2,2
2,23,43,4,3.0,True,4.0,1.0,4.0,4.0,1.0,2.0,2,3,2,3
2,24,44,1,1.0,True,3.0,4.0,2.0,2.0,2.0,4.0,1,3,2,4
2,25,45,1,4.0,True,1.0,1.0,2.0,4.0,2.0,2.0,4,2,2,2
2,26,46,4,3.0,True,4.0,1.0,2.0,4.0,3.0,3.0,2,3,2,3
2,27,47,4,4.0,True,3.0,4.0,2.0,2.0,3.0,4.0,1,3,2,4
2,28,48,1,4.0,True,4.0,4.0,4.0,3.0,1.0,2.0,4,2,2,2
2,29,49,4,3.0,True,4.0,1.0,2.0,4.0,2.0,2.0,3,2,2,3
2,30,50,4,3.0,True,3.0,4.0,3.0,4.0,2.0,3.0,3,2,2,3
2,31,51,4,4.0,True,3.0,4.0,2.0,3.0,3.0,4.0,2,2,2,4
2,32,52,1,4.0,True,4.0,4.0,4.0,2.0,2.0,3.0,4,3,2,1
2,33,53,4,4.0,True,4.0,1.0,2.0,4.0,2.0,2.0,2,2,2,4
2,34,54,1,1.0,True,4.0,4.0,2.0,4.0,3.0,2.0,1,3,2,4
2,35,55,4,2.0,True,1.0,1.0,3.0,4.0,1.0,3.0,4,2,2,2
2,36,56,4,3.0,True,2.0,4.0,2.0,4.0,3.0,2.0,2,3,2,3
2,37,57,4,3.0,True,3.0,4.0,2.0,3.0,2.0,3.0,3,2,2,3
2,38,58,1,1.0,True,3.0,4.0,4.0,2.0,2.0,3.0,1,3,2,4
2,39,59,1,3.0,True,1.0,1.0,2.0,4.0,1.0,4.0,3,3,2,2
3,1,21,2,3.0,True,0.0,0.0,2.0,4.0,3.0,4.0,1,3,2,4
3,2,22,2,2.0,True,3.0,2.0,3.0,4.0,2.0,3.0,4,2,2,2
3,3,23,2,3.0,True,2.0,2.0,4.0,4.0,1.0,2.0,2,3,2,3
3,4,24,4,4.0,True,3.0,2.0,2.0,2.0,1.0,4.0,1,3,2,4
3,5,25,3,2.0,True,4.0,4.0,2.0,3.0,4.0,2.0,4,2,2,2
3,6,26,2,3.0,True,2.0,3.0,2.0,4.0,3.0,3.0,2,3,2,3
3,7,27,4,4.0,True,3.0,2.0,2.0,2.0,2.0,4.0,1,3,2,4
3,8,28,2,2.0,True,4.0,4.0,4.0,4.0,1.0,2.0,4,2,2,2
3,9,29,1,3.0,True,2.0,2.0,2.0,3.0,1.0,2.0,3,2,2,3
3,10,30,4,3.0,True,3.0,1.0,3.0,4.0,4.0,4.0,3,2,2,3
3,11,31,4,4.0,True,3.0,4.0,2.0,4.0,3.0,4.0,2,2,2,4
3,12,32,1,4.0,True,4.0,4.0,4.0,2.0,1.0,4.0,4,3,2,1
3,13,33,3,2.0,True,4.0,1.0,2.0,3.0,4.0,2.0,2,2,2,4
3,14,34,1,1.0,True,2.0,3.0,2.0,4.0,2.0,2.0,1,3,2,4
3,15,35,4,2.0,True,1.0,1.0,3.0,4.0,1.0,3.0,4,2,2,2
3,16,36,4,3.0,True,2.0,4.0,2.0,3.0,2.0,2.0,2,3,2,3
3,17,37,4,3.0,True,3.0,4.0,2.0,4.0,4.0,3.0,3,2,2,3
3,18,38,1,1.0,True,3.0,4.0,4.0,2.0,1.0,4.0,1,3,2,4
3,19,39,4,2.0,True,1.0,1.0,2.0,4.0,1.0,4.0,3,3,2,2
3,20,40,2,2.0,True,2.0,4.0,3.0,4.0,3.0,2.0,3,2,2,3
3,21,41,4,4.0,True,2.0,2.0,2.0,4.0,3.0,4.0,1,3,2,4
3,22,42,1,4.0,True,4.0,4.0,3.0,4.0,2.0,3.0,4,2,2,2
3,23,43,4,3.0,True,4.0,1.0,4.0,4.0,1.0,2.0,2,3,2,3
3,24,44,4,4.0,True,3.0,4.0,2.0,2.0,1.0,4.0,1,3,2,4
3,25,45,1,4.0,True,4.0,4.0,2.0,3.0,4.0,2.0,4,2,2,2
3,26,46,4,3.0,True,4.0,1.0,2.0,4.0,3.0,3.0,2,3,2,3
3,27,47,4,4.0,True,3.0,4.0,2.0,2.0,2.0,4.0,1,3,2,4
3,28,48,2,2.0,True,4.0,4.0,4.0,4.0,1.0,2.0,4,2,2,2
3,29,49,1,3.0,True,2.0,2.0,2.0,3.0,1.0,2.0,3,2,2,3
3,30,50,1,3.0,True,3.0,1.0,3.0,4.0,4.0,4.0,3,2,2,3
3,31,51,4,4.0,True,3.0,1.0,2.0,4.0,3.0,4.0,2,2,2,4
3,32,52,2,3.0,True,4.0,4.0,4.0,2.0,1.0,4.0,4,3,2,1
3,33,53,4,4.0,True,3.0,2.0,2.0,3.0,4.0,2.0,2,2,2,4
3,34,54,1,1.0,True,4.0,4.0,2.0,4.0,2.0,2.0,1,3,2,4
3,35,55,1,4.0,True,1.0,1.0,3.0,4.0,1.0,3.0,4,2,2,2
3,36,56,4,3.0,True,4.0,1.0,2.0,3.0,2.0,2.0,2,3,2,3
3,37,57,4,3.0,True,3.0,4.0,2.0,4.0,4.0,3.0,3,2,2,3
3,38,58,1,1.0,True,3.0,4.0,4.0,2.0,1.0,4.0,1,3,2,4
3,39,59,4,2.0,True,1.0,1.0,2.0,4.0,1.0,4.0,3,3,2,2
3,40,60,1,3.0,True,2.0,4.0,3.0,4.0,3.0,2.0,3,2,2,3
4,1,21,3,2.0,False,0.0,0.0,3.0,3.0,3.0,3.0,1,3,2,4
4,2,22,1,4.0,False,2.0,3.0,3.0,3.0,3.0,3.0,4,2,2,2
4,3,23,3,2.0,False,4.0,1.0,3.0,3.0,3.0,3.0,2,3,2,3
4,4,24,1,1.0,False,2.0,3.0,3.0,3.0,3.0,3.0,1,3,2,4
4,5,25,2,2.0,False,1.0,1.0,3.0,3.0,3.0,3.0,4,2,2,2
4,6,26,4,3.0,False,2.0,2.0,3.0,3.0,3.0,3.0,2,3,2,3
4,7,27,4,4.0,False,3.0,4.0,3.0,3.0,3.0,3.0,1,3,2,4
4,8,28,2,2.0,False,4.0,4.0,3.0,3.0,3.0,3.0,4,2,2,2
4,9,29,1,3.0,False,2.0,2.0,3.0,3.0,3.0,3.0,3,2,2,3
4,10,30,4,3.0,False,3.0,1.0,3.0,3.0,3.0,3.0,3,2,2,3
4,11,31,4,4.0,False,3.0,4.0,3.0,3.0,3.0,3.0,2,2,2,4
4,12,32,4,1.0,False,4.0,4.0,3.0,3.0,3.0,3.0,4,3,2,1
4,13,33,4,4.0,False,1.0,4.0,3.0,3.0,3.0,3.0,2,2,2,4
4,14,34,2,3.0,False,4.0,4.0,3.0,3.0,3.0,3.0,1,3,2,4
4,15,35,1,4.0,False,3.0,2.0,3.0,3.0,3.0,3.0,4,2,2,2
4,16,36,2,3.0,False,4.0,1.0,3.0,3.0,3.0,3.0,2,3,2,3
4,17,37,4,3.0,False,3.0,2.0,3.0,3.0,3.0,3.0,3,2,2,3
4,18,38,2,3.0,False,3.0,4.0,3.0,3.0,3.0,3.0,1,3,2,4
4,19,39,1,3.0,False,3.0,2.0,3.0,3.0,3.0,3.0,3,3,2,2
4,20,40,4,3.0,False,3.0,1.0,3.0,3.0,3.0,3.0,3,2,2,3
4,21,41,2,3.0,False,3.0,4.0,3.0,3.0,3.0,3.0,1,3,2,4
4,22,42,1,4.0,False,3.0,2.0,3.0,3.0,3.0,3.0,4,2,2,2
4,23,43,4,3.0,False,4.0,1.0,3.0,3.0,3.0,3.0,2,3,2,3
4,24,44,2,3.0,False,3.0,4.0,3.0,3.0,3.0,3.0,1,3,2,4
4,25,45,2,2.0,False,3.0,2.0,3.0,3.0,3.0,3.0,4,2,2,2
4,26,46,4,3.0,False,2.0,2.0,3.0,3.0,3.0,3.0,2,3,2,3
4,27,47,2,3.0,False,3.0,4.0,3.0,3.0,3.0,3.0,1,3,2,4
4,28,48,1,4.0,False,3.0,2.0,3.0,3.0,3.0,3.0,4,2,2,2
4,29,49,4,3.0,False,4.0,1.0,3.0,3.0,3.0,3.0,3,2,2,3
4,30,50,2,2.0,False,3.0,4.0,3.0,3.0,3.0,3.0,3,2,2,3
4,31,51,4,4.0,False,2.0,2.0,3.0,3.0,3.0,3.0,2,2,2,4
4,32,52,2,3.0,False,4.0,4.0,3.0,3.0,3.0,3.0,4,3,2,1
4,33,53,4,4.0,False,3.0,2.0,3.0,3.0,3.0,3.0,2,2,2,4
4,34,54,2,3.0,False,4.0,4.0,3.0,3.0,3.0,3.0,1,3,2,4
4,35,55,1,4.0,False,3.0,2.0,3.0,3.0,3.0,3.0,4,2,2,2
4,36,56,4,3.0,False,4.0,1.0,3.0,3.0,3.0,3.0,2,3,2,3
4,37,57,2,2.0,False,3.0,4.0,3.0,3.0,3.0,3.0,3,2,2,3
4,38,58,2,3.0,False,2.0,2.0,3.0,3.0,3.0,3.0,1,3,2,4
4,39,59,1,3.0,False,3.0,2.0,3.0,3.0,3.0,3.0,3,3,2,2
4,40,60,4,3.0,False,3.0,1.0,3.0,3.0,3.0,3.0,3,2,2,3
5,1,21,2,3.0,True,0.0,0.0,3.0,4.0,2.0,4.0,1,3,2,4
5,2,22,3,2.0,True,3.0,2.0,1.0,2.0,3.0,3.0,4,2,2,2
5,3,23,3,2.0,True,2.0,3.0,3.0,4.0,1.0,2.0,2,3,2,3
5,4,24,3,2.0,True,2.0,3.0,2.0,3.0,4.0,4.0,1,3,2,4
5,5,25,3,2.0,True,2.0,3.0,3.0,4.0,4.0,2.0,4,2,2,2
5,6,26,1,2.0,True,2.0,3.0,2.0,2.0,2.0,3.0,2,3,2,3
5,7,27,4,4.0,True,2.0,1.0,3.0,3.0,3.0,4.0,1,3,2,4
5,8,28,1,4.0,True,4.0,4.0,3.0,4.0,1.0,2.0,4,2,2,2
5,9,29,1,3.0,True,4.0,1.0,3.0,4.0,4.0,2.0,3,2,2,3
5,10,30,1,3.0,True,3.0,1.0,1.0,4.0,4.0,4.0,3,2,2,3
5,11,31,1,2.0,True,3.0,1.0,2.0,4.0,2.0,4.0,2,2,2,4
5,12,32,4,1.0,True,2.0,1.0,3.0,3.0,4.0,4.0,4,3,2,1
5,13,33,1,2.0,True,1.0,4.0,3.0,4.0,4.0,2.0,2,2,2,4
5,14,34,1,1.0,True,2.0,1.0,3.0,2.0,3.0,2.0,1,3,2,4
5,15,35,4,2.0,True,1.0,1.0,1.0,4.0,1.0,3.0,4,2,2,2
5,16,36,1,2.0,True,2.0,4.0,2.0,4.0,3.0,2.0,2,3,2,3
5,17,37,4,3.0,True,2.0,1.0,3.0,4.0,4.0,3.0,3,2,2,3
5,18,38,4,4.0,True,3.0,4.0,3.0,3.0,4.0,4.0,1,3,2,4
5,19,39,4,2.0,True,4.0,4.0,3.0,4.0,1.0,4.0,3,3,2,2
5,20,40,1,3.0,True,2.0,4.0,1.0,2.0,2.0,2.0,3,2,2,3
5,21,41,1,1.0,True,3.0,1.0,3.0,4.0,2.0,4.0,1,3,2,4
5,22,42,4,2.0,True,1.0,1.0,1.0,2.0,3.0,3.0,4,2,2,2
5,23,43,4,3.0,True,2.0,4.0,3.0,4.0,1.0,2.0,2,3,2,3
5,24,44,2,3.0,True,3.0,4.0,2.0,3.0,4.0,4.0,1,3,2,4
5,25,45,4,2.0,True,3.0,2.0,3.0,4.0,4.0,2.0,4,2,2,2
5,26,46,1,2.0,True,2.0,4.0,2.0,2.0,2.0,3.0,2,3,2,3
5,27,47,2,3.0,True,2.0,1.0,3.0,3.0,3.0,4.0,1,3,2,4
5,28,48,4,2.0,True,3.0,2.0,3.0,4.0,1.0,2.0,4,2,2,2
5,29,49,1,3.0,True,2.0,4.0,3.0,4.0,4.0,2.0,3,2,2,3
5,30,50,1,3.0,True,3.0,1.0,1.0,4.0,4.0,4.0,3,2,2,3
5,31,51,1,2.0,True,3.0,1.0,2.0,4.0,2.0,4.0,2,2,2,4
5,32,52,4,1.0,True,2.0,1.0,3.0,3.0,4.0,4.0,4,3,2,1
5,33,53,2,2.0,True,1.0,4.0,3.0,4.0,4.0,2.0,2,2,2,4
5,34,54,4,4.0,True,2.0,2.0,3.0,2.0,3.0,2.0,1,3,2,4
5,35,55,4,2.0,True,4.0,4.0,1.0,4.0,1.0,3.0,4,2,2,2
5,36,56,4,3.0,True,2.0,4.0,2.0,4.0,3.0,2.0,2,3,2,3
5,37,57,4,3.0,True,3.0,4.0,3.0,4.0,4.0,3.0,3,2,2,3
5,38,58,4,4.0,True,3.0,4.0,3.0,3.0,4.0,4.0,1,3,2,4
5,39,59,4,2.0,True,4.0,4.0,3.0,4.0,1.0,4.0,3,3,2,2
5,40,60,2,2.0,True,2.0,4.0,1.0,2.0,2.0,2.0,3,2,2,3
6,1,21,2,3.0,True,0.0,0.0,3.0,4.0,3.0,3.0,1,3,2,4
6,2,22,2,2.0,True,3.0,2.0,3.0,4.0,3.0,3.0,4,2,2,2
6,3,23,1,2.0,True,2.0,2.0,4.0,4.0,3.0,3.0,2,3,2,3
6,4,24,4,4.0,True,2.0,1.0,3.0,3.0,4.0,4.0,1,3,2,4
6,5,25,3,2.0,True,4.0,4.0,3.0,4.0,4.0,2.0,4,2,2,2
6,6,26,2,3.0,True,2.0,3.0,3.0,4.0,3.0,3.0,2,3,2,3
6,7,27,4,4.0,True,3.0,2.0,3.0,3.0,3.0,4.0,1,3,2,4
6,8,28,2,2.0,True,4.0,4.0,4.0,4.0,3.0,2.0,4,2,2,2
6,9,29,1,3.0,True,2.0,2.0,3.0,4.0,4.0,3.0,3,2,2,3
6,10,30,4,3.0,True,3.0,1.0,3.0,4.0,4.0,3.0,3,2,2,3
6,11,31,4,4.0,True,3.0,4.0,3.0,4.0,3.0,4.0,2,2,2,4
6,12,32,1,4.0,True,4.0,4.0,4.0,3.0,4.0,3.0,4,3,2,1
6,13,33,4,4.0,True,4.0,1.0,3.0,4.0,4.0,3.0,2,2,2,4
6,14,34,1,1.0,True,4.0,4.0,3.0,4.0,3.0,2.0,1,3,2,4
6,15,35,2,2.0,True,1.0,1.0,3.0,4.0,3.0,3.0,4,2,2,2
6,16,36,4,3.0,True,2.0,2.0,3.0,4.0,3.0,2.0,2,3,2,3
6,17,37,2,2.0,True,3.0,4.0,3.0,4.0,4.0,3.0,3,2,2,3
6,18,38,1,1.0,True,2.0,2.0,4.0,3.0,4.0,3.0,1,3,2,4
6,19,39,4,2.0,True,1.0,1.0,3.0,4.0,3.0,4.0,3,3,2,2
6,20,40,4,3.0,True,2.0,4.0,3.0,4.0,3.0,3.0,3,2,2,3
6,21,41,1,1.0,True,3.0,4.0,3.0,4.0,3.0,3.0,1,3,2,4
6,22,42,1,4.0,True,1.0,1.0,3.0,4.0,3.0,3.0,4,2,2,2
6,23,43,1,2.0,True,4.0,1.0,4.0,4.0,3.0,3.0,2,3,2,3
6,24,44,4,4.0,True,2.0,1.0,3.0,3.0,4.0,4.0,1,3,2,4
6,25,45,4,2.0,True,4.0,4.0,3.0,4.0,4.0,2.0,4,2,2,2
6,26,46,3,2.0,True,2.0,4.0,3.0,4.0,3.0,3.0,2,3,2,3
6,27,47,4,4.0,True,2.0,3.0,3.0,3.0,3.0,4.0,1,3,2,4
6,28,48,4,2.0,True,4.0,4.0,4.0,4.0,3.0,2.0,4,2,2,2
6,29,49,1,3.0,True,2.0,4.0,3.0,4.0,4.0,3.0,3,2,2,3
6,30,50,4,3.0,True,3.0,1.0,3.0,4.0,4.0,3.0,3,2,2,3
6,31,51,4,4.0,True,3.0,4.0,3.0,4.0,3.0,4.0,2,2,2,4
6,32,52,4,1.0,True,4.0,4.0,4.0,3.0,4.0,3.0,4,3,2,1
6,33,53,1,2.0,True,1.0,4.0,3.0,4.0,4.0,3.0,2,2,2,4
6,34,54,1,1.0,True,2.0,1.0,3.0,4.0,3.0,2.0,1,3,2,4
6,35,55,4,2.0,True,1.0,1.0,3.0,4.0,3.0,3.0,4,2,2,2
6,36,56,2,3.0,True,2.0,4.0,3.0,4.0,3.0,2.0,2,3,2,3
6,37,57,1,3.0,True,3.0,2.0,3.0,4.0,4.0,3.0,3,2,2,3
6,38,58,1,1.0,True,3.0,1.0,4.0,3.0,4.0,3.0,1,3,2,4
6,39,59,4,2.0,True,1.0,1.0,3.0,4.0,3.0,4.0,3,3,2,2
6,40,60,2,2.0,True,2.0,4.0,3.0,4.0,3.0,3.0,3,2,2,3
7,1,21,2,3.0,True,0.0,0.0,3.0,3.0,3.0,2.0,1,3,2,4
7,2,22,2,2.0,True,3.0,2.0,3.0,3.0,2.0,2.0,4,2,2,2
7,3,23,2,3.0,True,2.0,2.0,4.0,4.0,3.0,2.0,2,3,2,3
7,4,24,4,4.0,True,3.0,2.0,2.0,1.0,3.0,3.0,1,3,2,4
7,5,25,3,2.0,True,4.0,4.0,2.0,3.0,4.0,1.0,4,2,2,2
7,6,26,2,3.0,True,2.0,3.0,2.0,3.0,3.0,2.0,2,3,2,3
7,7,27,4,4.0,True,3.0,2.0,3.0,1.0,2.0,3.0,1,3,2,4
7,8,28,2,2.0,True,4.0,4.0,4.0,3.0,3.0,1.0,4,2,2,2
7,9,29,1,3.0,True,2.0,2.0,2.0,3.0,3.0,2.0,3,2,2,3
7,10,30,2,2.0,True,3.0,1.0,3.0,4.0,4.0,2.0,3,2,2,3
7,11,31,2,2.0,True,2.0,2.0,2.0,3.0,3.0,3.0,2,2,2,4
7,12,32,1,4.0,True,2.0,2.0,4.0,1.0,3.0,2.0,4,3,2,1
7,13,33,3,2.0,True,4.0,1.0,3.0,3.0,4.0,2.0,2,2,2,4
7,14,34,1,1.0,True,2.0,3.0,2.0,3.0,2.0,1.0,1,3,2,4
7,15,35,2,2.0,True,1.0,1.0,3.0,4.0,3.0,2.0,4,2,2,2
7,16,36,4,3.0,True,2.0,2.0,2.0,3.0,2.0,1.0,2,3,2,3
7,17,37,4,3.0,True,3.0,4.0,3.0,3.0,4.0,2.0,3,2,2,3
7,18,38,1,1.0,True,3.0,4.0,4.0,1.0,3.0,2.0,1,3,2,4
7,19,39,4,2.0,True,1.0,1.0,2.0,4.0,3.0,3.0,3,3,2,2
7,20,40,4,3.0,True,2.0,4.0,3.0,3.0,3.0,2.0,3,2,2,3
7,21,41,4,4.0,True,3.0,4.0,3.0,3.0,3.0,2.0,1,3,2,4
7,22,42,1,4.0,True,4.0,4.0,3.0,3.0,2.0,2.0,4,2,2,2
7,23,43,4,3.0,True,4.0,1.0,4.0,4.0,3.0,2.0,2,3,2,3
7,24,44,4,4.0,True,3.0,4.0,2.0,1.0,3.0,3.0,1,3,2,4
7,25,45,4,2.0,True,4.0,4.0,2.0,3.0,4.0,1.0,4,2,2,2
7,26,46,4,3.0,True,2.0,4.0,2.0,3.0,3.0,2.0,2,3,2,3
7,27,47,4,4.0,True,3.0,4.0,3.0,1.0,2.0,3.0,1,3,2,4
7,28,48,2,2.0,True,4.0,4.0,4.0,3.0,3.0,1.0,4,2,2,2
7,29,49,1,3.0,True,2.0,2.0,2.0,3.0,3.0,2.0,3,2,2,3
7,30,50,2,2.0,True,3.0,1.0,3.0,4.0,4.0,2.0,3,2,2,3
7,31,51,4,4.0,True,2.0,2.0,2.0,3.0,3.0,3.0,2,2,2,4
7,32,52,4,1.0,True,4.0,4.0,4.0,1.0,3.0,2.0,4,3,2,1
7,33,53,4,4.0,True,1.0,4.0,3.0,3.0,4.0,2.0,2,2,2,4
7,34,54,1,1.0,True,4.0,4.0,2.0,3.0,2.0,1.0,1,3,2,4
7,35,55,4,2.0,True,1.0,1.0,3.0,4.0,3.0,2.0,4,2,2,2
7,36,56,4,3.0,True,2.0,4.0,2.0,3.0,2.0,1.0,2,3,2,3
7,37,57,4,3.0,True,3.0,4.0,3.0,3.0,4.0,2.0,3,2,2,3
7,38,58,1,1.0,True,3.0,4.0,4.0,1.0,3.0,2.0,1,3,2,4
7,39,59,4,2.0,True,1.0,1.0,2.0,4.0,3.0,3.0,3,3,2,2
7,40,60,4,3.0,True,2.0,4.0,3.0,3.0,3.0,2.0,3,2,2,3
8,1,21,2,3.0,True,0.0,0.0,2.0,4.0,3.0,3.0,1,3,2,4
8,2,22,2,2.0,True,3.0,2.0,3.0,4.0,3.0,1.0,4,2,2,2
8,3,23,2,3.0,True,2.0,2.0,4.0,4.0,3.0,2.0,2,3,2,3
8,4,24,3,2.0,True,3.0,2.0,1.0,2.0,3.0,4.0,1,3,2,4
8,5,25,3,2.0,True,2.0,3.0,1.0,3.0,3.0,1.0,4,2,2,2
8,6,26,2,3.0,True,2.0,3.0,1.0,4.0,3.0,1.0,2,3,2,3
8,7,27,4,4.0,True,3.0,2.0,2.0,2.0,3.0,4.0,1,3,2,4
8,8,28,1,4.0,True,4.0,4.0,4.0,4.0,3.0,1.0,4,2,2,2
8,9,29,1,3.0,True,4.0,1.0,1.0,3.0,3.0,2.0,3,2,2,3
8,10,30,1,3.0,True,3.0,1.0,3.0,4.0,3.0,3.0,3,2,2,3
8,11,31,4,4.0,True,3.0,1.0,1.0,4.0,3.0,4.0,2,2,2,4
8,12,32,1,4.0,True,4.0,4.0,4.0,2.0,3.0,3.0,4,3,2,1
8,13,33,4,4.0,True,4.0,1.0,2.0,3.0,3.0,2.0,2,2,2,4
8,14,34,1,1.0,True,4.0,4.0,1.0,4.0,3.0,1.0,1,3,2,4
8,15,35,2,2.0,True,1.0,1.0,3.0,4.0,3.0,1.0,4,2,2,2
8,16,36,4,3.0,True,2.0,2.0,1.0,3.0,3.0,1.0,2,3,2,3
8,17,37,2,2.0,True,3.0,4.0,2.0,4.0,3.0,1.0,3,2,2,3
8,18,38,1,1.0,True,2.0,2.0,4.0,2.0,3.0,3.0,1,3,2,4
8,19,39,4,2.0,True,1.0,1.0,1.0,4.0,3.0,4.0,3,3,2,2
8,20,40,1,3.0,True,2.0,4.0,3.0,4.0,3.0,2.0,3,2,2,3
8,21,41,1,1.0,True,3.0,1.0,2.0,4.0,3.0,3.0,1,3,2,4
8,22,42,3,2.0,True,1.0,1.0,3.0,4.0,3.0,1.0,4,2,2,2
8,23,43,4,3.0,True,2.0,3.0,4.0,4.0,3.0,2.0,2,3,2,3
8,24,44,2,3.0,True,3.0,4.0,1.0,2.0,3.0,4.0,1,3,2,4
8,25,45,1,4.0,True,3.0,2.0,1.0,3.0,3.0,1.0,4,2,2,2
8,26,46,3,2.0,True,4.0,1.0,1.0,4.0,3.0,1.0,2,3,2,3
8,27,47,3,2.0,True,2.0,3.0,2.0,2.0,3.0,4.0,1,3,2,4
8,28,48,1,4.0,True,2.0,3.0,4.0,4.0,3.0,1.0,4,2,2,2
8,29,49,4,3.0,True,4.0,1.0,1.0,3.0,3.0,2.0,3,2,2,3
8,30,50,4,3.0,True,3.0,4.0,3.0,4.0,3.0,3.0,3,2,2,3
8,31,51,4,4.0,True,3.0,4.0,1.0,4.0,3.0,4.0,2,2,2,4
8,32,52,1,4.0,True,4.0,4.0,4.0,2.0,3.0,3.0,4,3,2,1
8,33,53,4,4.0,True,4.0,1.0,2.0,3.0,3.0,2.0,2,2,2,4
8,34,54,2,3.0,True,4.0,4.0,1.0,4.0,3.0,1.0,1,3,2,4
8,35,55,1,4.0,True,3.0,2.0,3.0,4.0,3.0,1.0,4,2,2,2
8,36,56,4,3.0,True,4.0,1.0,1.0,3.0,3.0,1.0,2,3,2,3
8,37,57,1,3.0,True,3.0,4.0,2.0,4.0,3.0,1.0,3,2,2,3
8,38,58,1,1.0,True,3.0,1.0,4.0,2.0,3.0,3.0,1,3,2,4
8,39,59,1,3.0,True,1.0,1.0,1.0,4.0,3.0,4.0,3,3,2,2
8,40,60,1,3.0,True,3.0,1.0,3.0,4.0,3.0,2.0,3,2,2,3
9,1,21,2,3.0,True,0.0,0.0,3.0,3.0,3.0,2.0,1,3,2,4
9,2,22,1,4.0,True,3.0,2.0,4.0,3.0,3.0,3.0,4,2,2,2
9,3,23,2,3.0,True,4.0,1.0,4.0,4.0,1.0,2.0,2,3,2,3
9,4,24,4,4.0,True,3.0,2.0,2.0,1.0,3.0,3.0,1,3,2,4
9,5,25,3,2.0,True,4.0,4.0,2.0,3.0,4.0,2.0,4,2,2,2
9,6,26,2,3.0,True,2.0,3.0,2.0,3.0,3.0,3.0,2,3,2,3
9,7,27,4,4.0,True,3.0,2.0,3.0,1.0,3.0,3.0,1,3,2,4
9,8,28,1,4.0,True,4.0,4.0,4.0,3.0,1.0,2.0,4,2,2,2
9,9,29,4,3.0,True,4.0,1.0,2.0,3.0,3.0,2.0,3,2,2,3
9,10,30,1,3.0,True,3.0,4.0,4.0,4.0,4.0,2.0,3,2,2,3
9,11,31,4,4.0,True,3.0,1.0,2.0,3.0,3.0,3.0,2,2,2,4
9,12,32,1,4.0,True,4.0,4.0,4.0,1.0,3.0,2.0,4,3,2,1
9,13,33,3,2.0,True,4.0,1.0,3.0,3.0,4.0,2.0,2,2,2,4
9,14,34,2,3.0,True,2.0,3.0,2.0,3.0,3.0,2.0,1,3,2,4
9,15,35,4,2.0,True,3.0,2.0,4.0,4.0,1.0,3.0,4,2,2,2
9,16,36,3,2.0,True,2.0,4.0,2.0,3.0,3.0,2.0,2,3,2,3
9,17,37,2,2.0,True,2.0,3.0,3.0,3.0,4.0,3.0,3,2,2,3
9,18,38,1,1.0,True,2.0,2.0,4.0,1.0,3.0,2.0,1,3,2,4
9,19,39,2,3.0,True,1.0,1.0,2.0,4.0,1.0,3.0,3,3,2,2
9,20,40,1,3.0,True,3.0,2.0,4.0,3.0,3.0,2.0,3,2,2,3
9,21,41,1,1.0,True,3.0,1.0,3.0,3.0,3.0,2.0,1,3,2,4
9,22,42,1,4.0,True,1.0,1.0,4.0,3.0,3.0,3.0,4,2,2,2
9,23,43,4,3.0,True,4.0,1.0,4.0,4.0,1.0,2.0,2,3,2,3
9,24,44,4,4.0,True,3.0,4.0,2.0,1.0,3.0,3.0,1,3,2,4
9,25,45,4,2.0,True,4.0,4.0,2.0,3.0,4.0,2.0,4,2,2,2
9,26,46,1,2.0,True,2.0,4.0,2.0,3.0,3.0,3.0,2,3,2,3
9,27,47,4,4.0,True,2.0,1.0,3.0,1.0,3.0,3.0,1,3,2,4
9,28,48,1,4.0,True,4.0,4.0,4.0,3.0,1.0,2.0,4,2,2,2
9,29,49,1,3.0,True,4.0,1.0,2.0,3.0,3.0,2.0,3,2,2,3
9,30,50,1,3.0,True,3.0,1.0,4.0,4.0,4.0,2.0,3,2,2,3
9,31,51,4,4.0,True,3.0,1.0,2.0,3.0,3.0,3.0,2,2,2,4
9,32,52,1,4.0,True,4.0,4.0,4.0,1.0,3.0,2.0,4,3,2,1
9,33,53,4,4.0,True,4.0,1.0,3.0,3.0,4.0,2.0,2,2,2,4
9,34,54,1,1.0,True,4.0,4.0,2.0,3.0,3.0,2.0,1,3,2,4
9,35,55,1,4.0,True,1.0,1.0,4.0,4.0,1.0,3.0,4,2,2,2
9,36,56,3,2.0,True,4.0,1.0,2.0,3.0,3.0,2.0,2,3,2,3
9,37,57,3,2.0,True,2.0,3.0,3.0,3.0,4.0,3.0,3,2,2,3
9,38,58,1,1.0,True,2.0,3.0,4.0,1.0,3.0,2.0,1,3,2,4
9,39,59,4,2.0,True,1.0,1.0,2.0,4.0,1.0,3.0,3,3,2,2
9,40,60,2,2.0,True,2.0,4.0,4.0,3.0,3.0,2.0,3,2,2,3
10,1,21,1,1.0,True,0.0,0.0,4.0,4.0,4.0,2.0,1,3,2,4
10,2,22,3,2.0,True,1.0,1.0,3.0,3.0,4.0,4.0,4,2,2,2
10,3,23,1,2.0,True,2.0,3.0,4.0,3.0,2.0,4.0,2,3,2,3
10,4,24,2,3.0,True,2.0,1.0,4.0,2.0,3.0,4.0,1,3,2,4
10,5,25,4,2.0,True,3.0,2.0,4.0,1.0,4.0,3.0,4,2,2,2
10,6,26,1,2.0,True,2.0,4.0,4.0,3.0,4.0,4.0,2,3,2,3
10,7,27,4,4.0,True,2.0,1.0,4.0,2.0,4.0,4.0,1,3,2,4
10,8,28,3,2.0,True,4.0,4.0,4.0,4.0,2.0,3.0,4,2,2,2
10,9,29,1,3.0,True,2.0,3.0,4.0,1.0,3.0,4.0,3,2,2,3
10,10,30,4,3.0,True,3.0,1.0,3.0,3.0,4.0,2.0,3,2,2,3
10,11,31,4,4.0,True,3.0,4.0,4.0,4.0,4.0,4.0,2,2,2,4
10,12,32,1,4.0,True,4.0,4.0,4.0,2.0,3.0,2.0,4,3,2,1
10,13,33,4,4.0,True,4.0,1.0,4.0,1.0,4.0,4.0,2,2,2,4
10,14,34,1,1.0,True,4.0,4.0,4.0,3.0,4.0,3.0,1,3,2,4
10,15,35,3,2.0,True,1.0,1.0,3.0,3.0,2.0,4.0,4,2,2,2
10,16,36,3,2.0,True,2.0,3.0,4.0,1.0,4.0,3.0,2,3,2,3
10,17,37,4,3.0,True,2.0,3.0,4.0,4.0,4.0,4.0,3,2,2,3
10,18,38,1,1.0,True,3.0,4.0,4.0,2.0,3.0,2.0,1,3,2,4
10,19,39,3,2.0,True,1.0,1.0,4.0,3.0,2.0,4.0,3,3,2,2
10,20,40,1,3.0,True,2.0,3.0,3.0,3.0,4.0,4.0,3,2,2,3
10,21,41,4,4.0,True,3.0,1.0,4.0,4.0,4.0,2.0,1,3,2,4
10,22,42,1,4.0,True,4.0,4.0,3.0,3.0,4.0,4.0,4,2,2,2
10,23,43,4,3.0,True,4.0,1.0,4.0,3.0,2.0,4.0,2,3,2,3
10,24,44,4,4.0,True,3.0,4.0,4.0,2.0,3.0,4.0,1,3,2,4
10,25,45,4,2.0,True,4.0,4.0,4.0,1.0,4.0,3.0,4,2,2,2
10,26,46,4,3.0,True,2.0,4.0,4.0,3.0,4.0,4.0,2,3,2,3
10,27,47,4,4.0,True,3.0,4.0,4.0,2.0,4.0,4.0,1,3,2,4
10,28,48,1,4.0,True,4.0,4.0,4.0,4.0,2.0,3.0,4,2,2,2
10,29,49,1,3.0,True,4.0,1.0,4.0,1.0,3.0,4.0,3,2,2,3
10,30,50,1,3.0,True,3.0,1.0,3.0,3.0,4.0,2.0,3,2,2,3
10,31,51,4,4.0,True,3.0,1.0,4.0,4.0,4.0,4.0,2,2,2,4
10,32,52,1,4.0,True,4.0,4.0,4.0,2.0,3.0,2.0,4,3,2,1
10,33,53,4,4.0,True,4.0,1.0,4.0,1.0,4.0,4.0,2,2,2,4
10,34,54,1,1.0,True,4.0,4.0,4.0,3.0,4.0,3.0,1,3,2,4
10,35,55,4,2.0,True,1.0,1.0,3.0,3.0,2.0,4.0,4,2,2,2
10,36,56,4,3.0,True,2.0,4.0,4.0,1.0,4.0,3.0,2,3,2,3
10,37,57,4,3.0,True,3.0,4.0,4.0,4.0,4.0,4.0,3,2,2,3
10,38,58,4,4.0,True,3.0,4.0,4.0,2.0,3.0,2.0,1,3,2,4
10,39,59,4,2.0,True,4.0,4.0,4.0,3.0,2.0,4.0,3,3,2,2
10,40,60,1,3.0,True,2.0,4.0,3.0,3.0,4.0,4.0,3,2,2,3
11,1,21,2,3.0,True,0.0,0.0,3.0,3.0,2.0,3.0,1,3,2,4
11,2,22,3,2.0,True,3.0,2.0,1.0,3.0,4.0,3.0,4,2,2,2
11,3,23,1,2.0,True,2.0,3.0,4.0,4.0,3.0,2.0,2,3,2,3
11,4,24,4,4.0,True,2.0,1.0,1.0,2.0,3.0,4.0,1,3,2,4
11,5,25,3,2.0,True,4.0,4.0,1.0,4.0,4.0,3.0,4,2,2,2
11,6,26,4,3.0,True,2.0,3.0,1.0,3.0,2.0,3.0,2,3,2,3
11,7,27,4,4.0,True,3.0,4.0,3.0,2.0,4.0,4.0,1,3,2,4
11,8,28,1,4.0,True,4.0,4.0,4.0,3.0,3.0,3.0,4,2,2,2
11,9,29,2,2.0,True,4.0,1.0,1.0,4.0,3.0,2.0,3,2,2,3
11,10,30,3,2.0,True,2.0,2.0,1.0,4.0,4.0,3.0,3,2,2,3
11,11,31,4,4.0,True,2.0,3.0,1.0,3.0,2.0,4.0,2,2,2,4
11,12,32,1,4.0,True,4.0,4.0,4.0,2.0,3.0,3.0,4,3,2,1
11,13,33,2,2.0,True,4.0,1.0,3.0,4.0,4.0,2.0,2,2,2,4
11,14,34,4,4.0,True,2.0,2.0,1.0,3.0,4.0,3.0,1,3,2,4
11,15,35,2,2.0,True,4.0,4.0,1.0,4.0,3.0,3.0,4,2,2,2
11,16,36,4,3.0,True,2.0,2.0,1.0,4.0,4.0,3.0,2,3,2,3
11,17,37,3,2.0,True,3.0,4.0,3.0,3.0,4.0,3.0,3,2,2,3
11,18,38,4,4.0,True,2.0,3.0,4.0,2.0,3.0,3.0,1,3,2,4
11,19,39,1,3.0,True,4.0,4.0,1.0,4.0,3.0,4.0,3,3,2,2
11,20,40,2,2.0,True,3.0,1.0,1.0,3.0,2.0,2.0,3,2,2,3
11,21,41,4,4.0,True,2.0,2.0,3.0,3.0,2.0,3.0,1,3,2,4
11,22,42,1,4.0,True,4.0,4.0,1.0,3.0,4.0,3.0,4,2,2,2
11,23,43,3,2.0,True,4.0,1.0,4.0,4.0,3.0,2.0,2,3,2,3
11,24,44,4,4.0,True,2.0,3.0,1.0,2.0,3.0,4.0,1,3,2,4
11,25,45,1,4.0,True,4.0,4.0,1.0,4.0,4.0,3.0,4,2,2,2
11,26,46,2,3.0,True,4.0,1.0,1.0,3.0,2.0,3.0,2,3,2,3
11,27,47,4,4.0,True,3.0,2.0,3.0,2.0,4.0,4.0,1,3,2,4
11,28,48,1,4.0,True,4.0,4.0,4.0,3.0,3.0,3.0,4,2,2,2
11,29,49,2,2.0,True,4.0,1.0,1.0,4.0,3.0,2.0,3,2,2,3
11,30,50,4,3.0,True,2.0,2.0,1.0,4.0,4.0,3.0,3,2,2,3
11,31,51,4,4.0,True,3.0,4.0,1.0,3.0,2.0,4.0,2,2,2,4
11,32,52,1,4.0,True,4.0,4.0,4.0,2.0,3.0,3.0,4,3,2,1
11,33,53,4,4.0,True,4.0,1.0,3.0,4.0,4.0,2.0,2,2,2,4
11,34,54,1,1.0,True,4.0,4.0,1.0,3.0,4.0,3.0,1,3,2,4
11,35,55,1,4.0,True,1.0,1.0,1.0,4.0,3.0,3.0,4,2,2,2
11,36,56,4,3.0,True,4.0,1.0,1.0,4.0,4.0,3.0,2,3,2,3
11,37,57,4,3.0,True,3.0,4.0,3.0,3.0,4.0,3.0,3,2,2,3
11,38,58,4,4.0,True,3.0,4.0,4.0,2.0,3.0,3.0,1,3,2,4
11,39,59,1,3.0,True,4.0,4.0,1.0,4.0,3.0,4.0,3,3,2,2
11,40,60,4,3.0,True,3.0,1.0,1.0,3.0,2.0,2.0,3,2,2,3
12,1,21,2,3.0,True,0.0,0.0,2.0,4.0,1.0,4.0,1,3,2,4
12,2,22,2,2.0,True,3.0,2.0,1.0,,2.0,2.0,4,2,2,2
12,3,23,2,3.0,True,2.0,2.0,3.0,2.0,3.0,2.0,2,3,2,3
12,4,24,3,2.0,True,3.0,2.0,4.0,3.0,1.0,3.0,1,3,2,4
12,5,25,1,4.0,True,2.0,3.0,2.0,4.0,4.0,4.0,4,2,2,2
12,6,26,4,3.0,True,4.0,1.0,4.0,,1.0,2.0,2,3,2,3
12,7,27,4,4.0,True,3.0,4.0,2.0,3.0,2.0,3.0,1,3,2,4
12,8,28,2,2.0,True,4.0,4.0,3.0,4.0,3.0,4.0,4,2,2,2
12,9,29,3,2.0,True,2.0,2.0,2.0,4.0,1.0,2.0,3,2,2,3
12,10,30,1,3.0,True,2.0,3.0,1.0,2.0,4.0,4.0,3,2,2,3
12,11,31,4,4.0,True,3.0,1.0,4.0,4.0,1.0,3.0,2,2,2,4
12,12,32,1,4.0,True,4.0,4.0,3.0,3.0,1.0,4.0,4,3,2,1
12,13,33,4,4.0,True,4.0,1.0,2.0,4.0,4.0,2.0,2,2,2,4
12,14,34,1,1.0,True,4.0,4.0,2.0,,2.0,4.0,1,3,2,4
12,15,35,1,4.0,True,1.0,1.0,1.0,2.0,3.0,2.0,4,2,2,2
12,16,36,4,3.0,True,4.0,1.0,4.0,4.0,2.0,4.0,2,3,2,3
12,17,37,4,3.0,True,3.0,4.0,2.0,4.0,4.0,2.0,3,2,2,3
12,18,38,1,1.0,True,3.0,4.0,3.0,3.0,1.0,4.0,1,3,2,4
12,19,39,4,2.0,True,1.0,1.0,2.0,2.0,3.0,3.0,3,3,2,2
12,20,40,1,3.0,True,2.0,4.0,1.0,,1.0,2.0,3,2,2,3
12,21,41,4,4.0,True,3.0,1.0,2.0,4.0,1.0,4.0,1,3,2,4
12,22,42,2,2.0,True,4.0,4.0,1.0,,2.0,2.0,4,2,2,2
12,23,43,2,3.0,True,2.0,2.0,3.0,2.0,3.0,2.0,2,3,2,3
12,24,44,4,4.0,True,3.0,2.0,4.0,3.0,1.0,3.0,1,3,2,4
12,25,45,1,4.0,True,4.0,4.0,2.0,4.0,4.0,4.0,4,2,2,2
12,26,46,2,3.0,True,4.0,1.0,4.0,,1.0,2.0,2,3,2,3
12,27,47,4,4.0,True,3.0,2.0,2.0,3.0,2.0,3.0,1,3,2,4
12,28,48,4,2.0,True,4.0,4.0,3.0,4.0,3.0,4.0,4,2,2,2
12,29,49,1,3.0,True,2.0,4.0,2.0,4.0,1.0,2.0,3,2,2,3
12,30,50,4,3.0,True,3.0,1.0,1.0,2.0,4.0,4.0,3,2,2,3
12,31,51,4,4.0,True,3.0,4.0,4.0,4.0,1.0,3.0,2,2,2,4
12,32,52,1,4.0,True,4.0,4.0,3.0,3.0,1.0,4.0,4,3,2,1
12,33,53,4,4.0,True,4.0,1.0,2.0,4.0,4.0,2.0,2,2,2,4
12,34,54,1,1.0,True,4.0,4.0,2.0,,2.0,4.0,1,3,2,4
12,35,55,1,4.0,True,1.0,1.0,1.0,2.0,3.0,2.0,4,2,2,2
12,36,56,4,3.0,True,4.0,1.0,4.0,4.0,2.0,4.0,2,3,2,3
12,37,57,4,3.0,True,3.0,4.0,2.0,4.0,4.0,2.0,3,2,2,3
12,38,58,1,1.0,True,3.0,4.0,3.0,3.0,1.0,4.0,1,3,2,4
12,39,59,4,2.0,True,1.0,1.0,2.0,2.0,3.0,3.0,3,3,2,2
12,40,60,1,3.0,True,2.0,4.0,1.0,,1.0,2.0,3,2,2,3
13,1,21,2,3.0,True,0.0,0.0,2.0,4.0,3.0,2.0,1,3,2,4
13,2,22,3,2.0,True,3.0,2.0,4.0,4.0,4.0,3.0,4,2,2,2
13,3,23,3,2.0,True,2.0,3.0,3.0,4.0,3.0,2.0,2,3,2,3
13,4,24,4,4.0,True,2.0,3.0,2.0,1.0,2.0,4.0,1,3,2,4
13,5,25,3,2.0,True,4.0,4.0,3.0,3.0,4.0,2.0,4,2,2,2
13,6,26,4,3.0,True,2.0,3.0,2.0,4.0,3.0,3.0,2,3,2,3
13,7,27,3,2.0,True,3.0,4.0,2.0,1.0,4.0,4.0,1,3,2,4
13,8,28,2,2.0,True,2.0,3.0,3.0,4.0,3.0,2.0,4,2,2,2
13,9,29,1,3.0,True,2.0,2.0,3.0,3.0,2.0,2.0,3,2,2,3
13,10,30,2,2.0,True,3.0,1.0,4.0,4.0,4.0,2.0,3,2,2,3
13,11,31,4,4.0,True,2.0,2.0,2.0,4.0,3.0,4.0,2,2,2,4
13,12,32,1,4.0,True,4.0,4.0,3.0,1.0,2.0,2.0,4,3,2,1
13,13,33,1,2.0,True,4.0,1.0,2.0,3.0,4.0,2.0,2,2,2,4
13,14,34,1,1.0,True,2.0,1.0,3.0,4.0,4.0,2.0,1,3,2,4
13,15,35,4,2.0,True,1.0,1.0,4.0,4.0,3.0,3.0,4,2,2,2
13,16,36,4,3.0,True,2.0,4.0,2.0,3.0,4.0,2.0,2,3,2,3
13,17,37,2,2.0,True,3.0,4.0,2.0,4.0,4.0,3.0,3,2,2,3
13,18,38,4,4.0,True,2.0,2.0,3.0,1.0,2.0,2.0,1,3,2,4
13,19,39,4,2.0,True,4.0,4.0,3.0,4.0,3.0,4.0,3,3,2,2
13,20,40,1,3.0,True,2.0,4.0,4.0,4.0,3.0,2.0,3,2,2,3
13,21,41,4,4.0,True,3.0,1.0,2.0,4.0,3.0,2.0,1,3,2,4
13,22,42,2,2.0,True,4.0,4.0,4.0,4.0,4.0,3.0,4,2,2,2
13,23,43,1,2.0,True,2.0,2.0,3.0,4.0,3.0,2.0,2,3,2,3
13,24,44,4,4.0,True,2.0,1.0,2.0,1.0,2.0,4.0,1,3,2,4
13,25,45,3,2.0,True,4.0,4.0,3.0,3.0,4.0,2.0,4,2,2,2
13,26,46,2,3.0,True,2.0,3.0,2.0,4.0,3.0,3.0,2,3,2,3
13,27,47,4,4.0,True,3.0,2.0,2.0,1.0,4.0,4.0,1,3,2,4
13,28,48,2,2.0,True,4.0,4.0,3.0,4.0,3.0,2.0,4,2,2,2
13,29,49,1,3.0,True,2.0,2.0,3.0,3.0,2.0,2.0,3,2,2,3
13,30,50,1,3.0,True,3.0,1.0,4.0,4.0,4.0,2.0,3,2,2,3
13,31,51,4,4.0,True,3.0,1.0,2.0,4.0,3.0,4.0,2,2,2,4
13,32,52,4,1.0,True,4.0,4.0,3.0,1.0,2.0,2.0,4,3,2,1
13,33,53,4,4.0,True,1.0,4.0,2.0,3.0,4.0,2.0,2,2,2,4
13,34,54,1,1.0,True,4.0,4.0,3.0,4.0,4.0,2.0,1,3,2,4
13,35,55,1,4.0,True,1.0,1.0,4.0,4.0,3.0,3.0,4,2,2,2
13,36,56,4,3.0,True,4.0,1.0,2.0,3.0,4.0,2.0,2,3,2,3
13,37,57,3,2.0,True,3.0,4.0,2.0,4.0,4.0,3.0,3,2,2,3
13,38,58,4,4.0,True,2.0,3.0,3.0,1.0,2.0,2.0,1,3,2,4
13,39,59,4,2.0,True,4.0,4.0,3.0,4.0,3.0,4.0,3,3,2,2
13,40,60,1,3.0,True,2.0,4.0,4.0,4.0,3.0,2.0,3,2,2,3
14,1,21,2,3.0,True,0.0,0.0,2.0,4.0,1.0,3.0,1,3,2,4
14,2,22,1,4.0,True,3.0,2.0,3.0,2.0,3.0,3.0,4,2,2,2
14,3,23,1,2.0,True,4.0,1.0,4.0,4.0,1.0,3.0,2,3,2,3
14,4,24,4,4.0,True,2.0,1.0,1.0,1.0,1.0,2.0,1,3,2,4
14,5,25,3,2.0,True,4.0,4.0,3.0,4.0,4.0,1.0,4,2,2,2
14,6,26,2,3.0,True,2.0,3.0,1.0,2.0,1.0,3.0,2,3,2,3
14,7,27,4,4.0,True,3.0,2.0,2.0,1.0,3.0,2.0,1,3,2,4
14,8,28,2,2.0,True,4.0,4.0,4.0,4.0,1.0,1.0,4,2,2,2
14,9,29,1,3.0,True,2.0,2.0,3.0,4.0,1.0,3.0,3,2,2,3
14,10,30,4,3.0,True,3.0,1.0,3.0,4.0,4.0,3.0,3,2,2,3
14,11,31,4,4.0,True,3.0,4.0,1.0,4.0,1.0,2.0,2,2,2,4
14,12,32,1,4.0,True,4.0,4.0,4.0,1.0,1.0,3.0,4,3,2,1
14,13,33,4,4.0,True,4.0,1.0,2.0,4.0,4.0,3.0,2,2,2,4
14,14,34,1,1.0,True,4.0,4.0,3.0,2.0,3.0,1.0,1,3,2,4
14,15,35,1,4.0,True,1.0,1.0,3.0,4.0,1.0,3.0,4,2,2,2
14,16,36,4,3.0,True,4.0,1.0,1.0,4.0,3.0,1.0,2,3,2,3
14,17,37,2,2.0,True,3.0,4.0,2.0,4.0,4.0,3.0,3,2,2,3
14,18,38,1,1.0,True,2.0,2.0,4.0,1.0,1.0,3.0,1,3,2,4
14,19,39,4,2.0,True,1.0,1.0,3.0,4.0,1.0,2.0,3,3,2,2
14,20,40,1,3.0,True,2.0,4.0,3.0,2.0,1.0,3.0,3,2,2,3
14,21,41,1,1.0,True,3.0,1.0,2.0,4.0,1.0,3.0,1,3,2,4
14,22,42,4,2.0,True,1.0,1.0,3.0,2.0,3.0,3.0,4,2,2,2
14,23,43,2,3.0,True,2.0,4.0,4.0,4.0,1.0,3.0,2,3,2,3
14,24,44,2,3.0,True,3.0,2.0,1.0,1.0,1.0,2.0,1,3,2,4
14,25,45,4,2.0,True,3.0,2.0,3.0,4.0,4.0,1.0,4,2,2,2
14,26,46,2,3.0,True,2.0,4.0,1.0,2.0,1.0,3.0,2,3,2,3
14,27,47,1,1.0,True,3.0,2.0,2.0,1.0,3.0,2.0,1,3,2,4
14,28,48,4,2.0,True,1.0,1.0,4.0,4.0,1.0,1.0,4,2,2,2
14,29,49,1,3.0,True,2.0,4.0,3.0,4.0,1.0,3.0,3,2,2,3
14,30,50,4,3.0,True,3.0,1.0,3.0,4.0,4.0,3.0,3,2,2,3
14,31,51,4,4.0,True,3.0,4.0,1.0,4.0,1.0,2.0,2,2,2,4
14,32,52,1,4.0,True,4.0,4.0,4.0,1.0,1.0,3.0,4,3,2,1
14,33,53,4,4.0,True,4.0,1.0,2.0,4.0,4.0,3.0,2,2,2,4
14,34,54,4,4.0,True,4.0,4.0,3.0,2.0,3.0,1.0,1,3,2,4
14,35,55,1,4.0,True,4.0,4.0,3.0,4.0,1.0,3.0,4,2,2,2
14,36,56,4,3.0,True,4.0,1.0,1.0,4.0,3.0,1.0,2,3,2,3
14,37,57,4,3.0,True,3.0,4.0,2.0,4.0,4.0,3.0,3,2,2,3
14,38,58,1,1.0,True,3.0,4.0,4.0,1.0,1.0,3.0,1,3,2,4
14,39,59,4,2.0,True,1.0,1.0,3.0,4.0,1.0,2.0,3,3,2,2
14,40,60,4,3.0,True,2.0,4.0,3.0,2.0,1.0,3.0,3,2,2,3
15,1,21,4,4.0,True,0.0,0.0,3.0,4.0,4.0,3.0,1,3,2,4
15,2,22,2,2.0,True,4.0,4.0,4.0,4.0,3.0,4.0,4,2,2,2
15,3,23,4,3.0,True,2.0,2.0,4.0,4.0,4.0,2.0,2,3,2,3
15,4,24,2,3.0,True,3.0,4.0,4.0,1.0,3.0,4.0,1,3,2,4
15,5,25,4,2.0,True,3.0,2.0,4.0,4.0,4.0,1.0,4,2,2,2
15,6,26,1,2.0,True,2.0,4.0,4.0,4.0,4.0,4.0,2,3,2,3
15,7,27,4,4.0,True,2.0,1.0,3.0,1.0,3.0,4.0,1,3,2,4
15,8,28,2,2.0,True,4.0,4.0,4.0,4.0,4.0,1.0,4,2,2,2
15,9,29,1,3.0,True,2.0,2.0,4.0,4.0,3.0,2.0,3,2,2,3
15,10,30,4,3.0,True,3.0,1.0,4.0,4.0,4.0,3.0,3,2,2,3
15,11,31,4,4.0,True,3.0,4.0,4.0,4.0,4.0,4.0,2,2,2,4
15,12,32,1,4.0,True,4.0,4.0,4.0,1.0,3.0,3.0,4,3,2,1
15,13,33,1,2.0,True,4.0,1.0,3.0,4.0,4.0,2.0,2,2,2,4
15,14,34,2,3.0,True,2.0,1.0,4.0,4.0,3.0,1.0,1,3,2,4
15,15,35,2,2.0,True,3.0,2.0,4.0,4.0,4.0,4.0,4,2,2,2
15,16,36,4,3.0,True,2.0,2.0,4.0,4.0,3.0,1.0,2,3,2,3
15,17,37,2,2.0,True,3.0,4.0,3.0,4.0,4.0,4.0,3,2,2,3
15,18,38,1,1.0,True,2.0,2.0,4.0,1.0,3.0,3.0,1,3,2,4
15,19,39,4,2.0,True,1.0,1.0,4.0,4.0,4.0,4.0,3,3,2,2
15,20,40,1,3.0,True,2.0,4.0,4.0,4.0,4.0,2.0,3,2,2,3
15,21,41,4,4.0,True,3.0,1.0,3.0,4.0,4.0,3.0,1,3,2,4
15,22,42,1,4.0,True,4.0,4.0,4.0,4.0,3.0,4.0,4,2,2,2
15,23,43,1,2.0,True,4.0,1.0,4.0,4.0,4.0,2.0,2,3,2,3
15,24,44,4,4.0,True,2.0,1.0,4.0,1.0,3.0,4.0,1,3,2,4
15,25,45,1,4.0,True,4.0,4.0,4.0,4.0,4.0,1.0,4,2,2,2
15,26,46,1,2.0,True,4.0,1.0,4.0,4.0,4.0,4.0,2,3,2,3
15,27,47,4,4.0,True,2.0,1.0,3.0,1.0,3.0,4.0,1,3,2,4
15,28,48,2,2.0,True,4.0,4.0,4.0,4.0,4.0,1.0,4,2,2,2
15,29,49,4,3.0,True,2.0,2.0,4.0,4.0,3.0,2.0,3,2,2,3
15,30,50,2,2.0,True,3.0,4.0,4.0,4.0,4.0,3.0,3,2,2,3
15,31,51,4,4.0,True,2.0,2.0,4.0,4.0,4.0,4.0,2,2,2,4
15,32,52,1,4.0,True,4.0,4.0,4.0,1.0,3.0,3.0,4,3,2,1
15,33,53,4,4.0,True,4.0,1.0,3.0,4.0,4.0,2.0,2,2,2,4
15,34,54,3,2.0,True,4.0,4.0,4.0,4.0,3.0,1.0,1,3,2,4
15,35,55,2,2.0,True,2.0,3.0,4.0,4.0,4.0,4.0,4,2,2,2
15,36,56,4,3.0,True,2.0,2.0,4.0,4.0,3.0,1.0,2,3,2,3
15,37,57,2,2.0,True,3.0,4.0,3.0,4.0,4.0,4.0,3,2,2,3
15,38,58,1,1.0,True,2.0,2.0,4.0,1.0,3.0,3.0,1,3,2,4
15,39,59,4,2.0,True,1.0,1.0,4.0,4.0,4.0,4.0,3,3,2,2
15,40,60,1,3.0,True,2.0,4.0,4.0,4.0,4.0,2.0,3,2,2,3
16,1,21,2,3.0,True,0.0,0.0,2.0,4.0,3.0,4.0,1,3,2,4
16,2,22,4,2.0,True,3.0,2.0,1.0,3.0,3.0,4.0,4,2,2,2
16,3,23,1,2.0,True,2.0,4.0,4.0,4.0,3.0,3.0,2,3,2,3
16,4,24,4,4.0,True,2.0,1.0,3.0,3.0,3.0,4.0,1,3,2,4
16,5,25,3,2.0,True,4.0,4.0,2.0,3.0,4.0,3.0,4,2,2,2
16,6,26,3,2.0,True,2.0,3.0,3.0,3.0,3.0,4.0,2,3,2,3
16,7,27,4,4.0,True,2.0,3.0,2.0,3.0,3.0,4.0,1,3,2,4
16,8,28,1,4.0,True,4.0,4.0,4.0,4.0,3.0,3.0,4,2,2,2
16,9,29,3,2.0,True,4.0,1.0,2.0,3.0,3.0,3.0,3,2,2,3
16,10,30,2,2.0,True,2.0,3.0,1.0,4.0,4.0,4.0,3,2,2,3
16,11,31,2,2.0,True,2.0,2.0,3.0,4.0,3.0,4.0,2,2,2,4
16,12,32,1,4.0,True,2.0,2.0,4.0,3.0,3.0,4.0,4,3,2,1
16,13,33,3,2.0,True,4.0,1.0,2.0,3.0,4.0,3.0,2,2,2,4
16,14,34,3,2.0,True,2.0,3.0,2.0,3.0,3.0,3.0,1,3,2,4
16,15,35,4,2.0,True,2.0,3.0,1.0,4.0,3.0,4.0,4,2,2,2
16,16,36,4,3.0,True,2.0,4.0,3.0,3.0,3.0,3.0,2,3,2,3
16,17,37,2,2.0,True,3.0,4.0,2.0,4.0,4.0,4.0,3,2,2,3
16,18,38,1,1.0,True,2.0,2.0,4.0,3.0,3.0,4.0,1,3,2,4
16,19,39,4,2.0,True,1.0,1.0,2.0,4.0,3.0,4.0,3,3,2,2
16,20,40,3,2.0,True,2.0,4.0,1.0,3.0,3.0,3.0,3,2,2,3
16,21,41,2,3.0,True,2.0,3.0,2.0,4.0,3.0,4.0,1,3,2,4
16,22,42,4,2.0,True,3.0,2.0,1.0,3.0,3.0,4.0,4,2,2,2
16,23,43,1,2.0,True,2.0,4.0,4.0,4.0,3.0,3.0,2,3,2,3
16,24,44,4,4.0,True,2.0,1.0,3.0,3.0,3.0,4.0,1,3,2,4
16,25,45,4,2.0,True,4.0,4.0,2.0,3.0,4.0,3.0,4,2,2,2
16,26,46,4,3.0,True,2.0,4.0,3.0,3.0,3.0,4.0,2,3,2,3
16,27,47,4,4.0,True,3.0,4.0,2.0,3.0,3.0,4.0,1,3,2,4
16,28,48,2,2.0,True,4.0,4.0,4.0,4.0,3.0,3.0,4,2,2,2
16,29,49,4,3.0,True,2.0,2.0,2.0,3.0,3.0,3.0,3,2,2,3
16,30,50,3,2.0,True,3.0,4.0,1.0,4.0,4.0,4.0,3,2,2,3
16,31,51,2,2.0,True,2.0,3.0,3.0,4.0,3.0,4.0,2,2,2,4
16,32,52,1,4.0,True,2.0,2.0,4.0,3.0,3.0,4.0,4,3,2,1
16,33,53,3,2.0,True,4.0,1.0,2.0,3.0,4.0,3.0,2,2,2,4
16,34,54,4,4.0,True,2.0,3.0,2.0,3.0,3.0,3.0,1,3,2,4
16,35,55,4,2.0,True,4.0,4.0,1.0,4.0,3.0,4.0,4,2,2,2
16,36,56,4,3.0,True,2.0,4.0,3.0,3.0,3.0,3.0,2,3,2,3
16,37,57,2,2.0,True,3.0,4.0,2.0,4.0,4.0,4.0,3,2,2,3
16,38,58,1,1.0,True,2.0,2.0,4.0,3.0,3.0,4.0,1,3,2,4
16,39,59,2,3.0,True,1.0,1.0,2.0,4.0,3.0,4.0,3,3,2,2
16,40,60,3,2.0,True,3.0,2.0,1.0,3.0,3.0,3.0,3,2,2,3
17,1,21,4,4.0,True,0.0,0.0,2.0,3.0,2.0,4.0,1,3,2,4
17,2,22,4,2.0,True,4.0,4.0,2.0,2.0,2.0,4.0,4,2,2,2
17,3,23,1,2.0,True,2.0,4.0,3.0,3.0,2.0,4.0,2,3,2,3
17,4,24,3,2.0,True,2.0,1.0,3.0,2.0,2.0,3.0,1,3,2,4
17,5,25,3,2.0,True,2.0,3.0,4.0,4.0,4.0,2.0,4,2,2,2
17,6,26,3,2.0,True,2.0,3.0,3.0,2.0,2.0,4.0,2,3,2,3
17,7,27,4,4.0,True,2.0,3.0,2.0,2.0,2.0,3.0,1,3,2,4
17,8,28,2,2.0,True,4.0,4.0,3.0,3.0,2.0,2.0,4,2,2,2
17,9,29,1,3.0,True,2.0,2.0,4.0,4.0,2.0,4.0,3,2,2,3
17,10,30,4,3.0,True,3.0,1.0,2.0,3.0,4.0,4.0,3,2,2,3
17,11,31,4,4.0,True,3.0,4.0,3.0,3.0,2.0,3.0,2,2,2,4
17,12,32,4,1.0,True,4.0,4.0,3.0,2.0,2.0,4.0,4,3,2,1
17,13,33,4,4.0,True,1.0,4.0,2.0,4.0,4.0,4.0,2,2,2,4
17,14,34,1,1.0,True,4.0,4.0,4.0,2.0,2.0,2.0,1,3,2,4
17,15,35,1,4.0,True,1.0,1.0,2.0,3.0,2.0,4.0,4,2,2,2
17,16,36,4,3.0,True,4.0,1.0,3.0,4.0,2.0,2.0,2,3,2,3
17,17,37,4,3.0,True,3.0,4.0,2.0,3.0,4.0,4.0,3,2,2,3
17,18,38,1,1.0,True,3.0,4.0,3.0,2.0,2.0,4.0,1,3,2,4
17,19,39,4,2.0,True,1.0,1.0,4.0,3.0,2.0,3.0,3,3,2,2
17,20,40,1,3.0,True,2.0,4.0,2.0,2.0,2.0,4.0,3,2,2,3
17,21,41,4,4.0,True,3.0,1.0,2.0,3.0,2.0,4.0,1,3,2,4
17,22,42,3,2.0,True,4.0,4.0,2.0,2.0,2.0,4.0,4,2,2,2
17,23,43,2,3.0,True,2.0,3.0,3.0,3.0,2.0,4.0,2,3,2,3
17,24,44,4,4.0,True,3.0,2.0,3.0,2.0,2.0,3.0,1,3,2,4
17,25,45,1,4.0,True,4.0,4.0,4.0,4.0,4.0,2.0,4,2,2,2
17,26,46,4,3.0,True,4.0,1.0,3.0,2.0,2.0,4.0,2,3,2,3
17,27,47,2,3.0,True,3.0,4.0,2.0,2.0,2.0,3.0,1,3,2,4
17,28,48,1,4.0,True,3.0,2.0,3.0,3.0,2.0,2.0,4,2,2,2
17,29,49,1,3.0,True,4.0,1.0,4.0,4.0,2.0,4.0,3,2,2,3
17,30,50,1,3.0,True,3.0,1.0,2.0,3.0,4.0,4.0,3,2,2,3
17,31,51,4,4.0,True,3.0,1.0,3.0,3.0,2.0,3.0,2,2,2,4
17,32,52,1,4.0,True,4.0,4.0,3.0,2.0,2.0,4.0,4,3,2,1
17,33,53,4,4.0,True,4.0,1.0,2.0,4.0,4.0,4.0,2,2,2,4
17,34,54,1,1.0,True,4.0,4.0,4.0,2.0,2.0,2.0,1,3,2,4
17,35,55,4,2.0,True,1.0,1.0,2.0,3.0,2.0,4.0,4,2,2,2
17,36,56,4,3.0,True,2.0,4.0,3.0,4.0,2.0,2.0,2,3,2,3
17,37,57,2,2.0,True,3.0,4.0,2.0,3.0,4.0,4.0,3,2,2,3
17,38,58,1,1.0,True,2.0,2.0,3.0,2.0,2.0,4.0,1,3,2,4
17,39,59,4,2.0,True,1.0,1.0,4.0,3.0,2.0,3.0,3,3,2,2
17,40,60,1,3.0,True,2.0,4.0,2.0,2.0,2.0,4.0,3,2,2,3
18,1,21,3,2.0,True,0.0,0.0,3.0,4.0,4.0,3.0,1,3,2,4
18,2,22,2,2.0,True,2.0,3.0,3.0,3.0,3.0,2.0,4,2,2,2
18,3,23,1,2.0,True,2.0,2.0,4.0,4.0,2.0,2.0,2,3,2,3
18,4,24,4,4.0,True,2.0,1.0,2.0,1.0,2.0,4.0,1,3,2,4
18,5,25,3,2.0,True,4.0,4.0,2.0,4.0,4.0,3.0,4,2,2,2
18,6,26,3,2.0,True,2.0,3.0,2.0,3.0,4.0,2.0,2,3,2,3
18,7,27,4,4.0,True,2.0,3.0,3.0,1.0,3.0,4.0,1,3,2,4
18,8,28,1,4.0,True,4.0,4.0,4.0,4.0,2.0,3.0,4,2,2,2
18,9,29,1,3.0,True,4.0,1.0,2.0,4.0,2.0,2.0,3,2,2,3
18,10,30,2,2.0,True,3.0,1.0,3.0,4.0,4.0,3.0,3,2,2,3
18,11,31,4,4.0,True,2.0,2.0,2.0,4.0,4.0,4.0,2,2,2,4
18,12,32,1,4.0,True,4.0,4.0,4.0,1.0,2.0,3.0,4,3,2,1
18,13,33,4,4.0,True,4.0,1.0,3.0,4.0,4.0,2.0,2,2,2,4
18,14,34,2,3.0,True,4.0,4.0,2.0,3.0,3.0,3.0,1,3,2,4
18,15,35,1,4.0,True,3.0,2.0,3.0,4.0,2.0,2.0,4,2,2,2
18,16,36,4,3.0,True,4.0,1.0,2.0,4.0,3.0,3.0,2,3,2,3
18,17,37,3,2.0,True,3.0,4.0,3.0,4.0,4.0,2.0,3,2,2,3
18,18,38,1,1.0,True,2.0,3.0,4.0,1.0,2.0,3.0,1,3,2,4
18,19,39,4,2.0,True,1.0,1.0,2.0,4.0,2.0,4.0,3,3,2,2
18,20,40,4,3.0,True,2.0,4.0,3.0,3.0,4.0,2.0,3,2,2,3
18,21,41,4,4.0,True,3.0,4.0,3.0,4.0,4.0,3.0,1,3,2,4
18,22,42,1,4.0,True,4.0,4.0,3.0,3.0,3.0,2.0,4,2,2,2
18,23,43,4,3.0,True,4.0,1.0,4.0,4.0,2.0,2.0,2,3,2,3
18,24,44,4,4.0,True,3.0,4.0,2.0,1.0,2.0,4.0,1,3,2,4
18,25,45,4,2.0,True,4.0,4.0,2.0,4.0,4.0,3.0,4,2,2,2
18,26,46,2,3.0,True,2.0,4.0,2.0,3.0,4.0,2.0,2,3,2,3
18,27,47,4,4.0,True,3.0,2.0,3.0,1.0,3.0,4.0,1,3,2,4
18,28,48,1,4.0,True,4.0,4.0,4.0,4.0,2.0,3.0,4,2,2,2
18,29,49,4,3.0,True,4.0,1.0,2.0,4.0,2.0,2.0,3,2,2,3
18,30,50,4,3.0,True,3.0,4.0,3.0,4.0,4.0,3.0,3,2,2,3
18,31,51,4,4.0,True,3.0,4.0,2.0,4.0,4.0,4.0,2,2,2,4
18,32,52,1,4.0,True,4.0,4.0,4.0,1.0,2.0,3.0,4,3,2,1
18,33,53,4,4.0,True,4.0,1.0,3.0,4.0,4.0,2.0,2,2,2,4
18,34,54,1,1.0,True,4.0,4.0,2.0,3.0,3.0,3.0,1,3,2,4
18,35,55,1,4.0,True,1.0,1.0,3.0,4.0,2.0,2.0,4,2,2,2
18,36,56,4,3.0,True,4.0,1.0,2.0,4.0,3.0,3.0,2,3,2,3
18,37,57,4,3.0,True,3.0,4.0,3.0,4.0,4.0,2.0,3,2,2,3
18,38,58,1,1.0,True,3.0,4.0,4.0,1.0,2.0,3.0,1,3,2,4
18,39,59,4,2.0,True,1.0,1.0,2.0,4.0,2.0,4.0,3,3,2,2
18,40,60,4,3.0,True,2.0,4.0,3.0,3.0,4.0,2.0,3,2,2,3
19,1,21,1,1.0,True,0.0,0.0,3.0,3.0,3.0,3.0,1,3,2,4
19,2,22,3,2.0,True,1.0,1.0,3.0,3.0,2.0,3.0,4,2,2,2
19,3,23,2,3.0,True,2.0,3.0,4.0,4.0,4.0,3.0,2,3,2,3
19,4,24,3,2.0,True,3.0,2.0,2.0,2.0,2.0,2.0,1,3,2,4
19,5,25,3,2.0,True,2.0,3.0,2.0,3.0,4.0,1.0,4,2,2,2
19,6,26,3,2.0,True,2.0,3.0,2.0,3.0,3.0,3.0,2,3,2,3
19,7,27,4,4.0,True,2.0,3.0,3.0,2.0,2.0,2.0,1,3,2,4
19,8,28,4,2.0,True,4.0,4.0,4.0,3.0,4.0,1.0,4,2,2,2
19,9,29,1,3.0,True,2.0,4.0,2.0,3.0,2.0,3.0,3,2,2,3
19,10,30,1,3.0,True,3.0,1.0,3.0,4.0,4.0,3.0,3,2,2,3
19,11,31,4,4.0,True,3.0,1.0,2.0,3.0,3.0,2.0,2,2,2,4
19,12,32,4,1.0,True,4.0,4.0,4.0,2.0,2.0,3.0,4,3,2,1
19,13,33,3,2.0,True,1.0,4.0,3.0,3.0,4.0,3.0,2,2,2,4
19,14,34,1,1.0,True,2.0,3.0,2.0,3.0,2.0,1.0,1,3,2,4
19,15,35,1,4.0,True,1.0,1.0,3.0,4.0,4.0,3.0,4,2,2,2
19,16,36,3,2.0,True,4.0,1.0,2.0,3.0,2.0,1.0,2,3,2,3
19,17,37,2,2.0,True,2.0,3.0,3.0,3.0,4.0,3.0,3,2,2,3
19,18,38,3,2.0,True,2.0,2.0,4.0,2.0,2.0,3.0,1,3,2,4
19,19,39,4,2.0,True,2.0,3.0,2.0,4.0,4.0,2.0,3,3,2,2
19,20,40,1,3.0,True,2.0,4.0,3.0,3.0,3.0,3.0,3,2,2,3
19,21,41,4,4.0,True,3.0,1.0,3.0,3.0,3.0,3.0,1,3,2,4
19,22,42,1,4.0,True,4.0,4.0,3.0,3.0,2.0,3.0,4,2,2,2
19,23,43,3,2.0,True,4.0,1.0,4.0,4.0,4.0,3.0,2,3,2,3
19,24,44,4,4.0,True,2.0,3.0,2.0,2.0,2.0,2.0,1,3,2,4
19,25,45,1,4.0,True,4.0,4.0,2.0,3.0,4.0,1.0,4,2,2,2
19,26,46,2,3.0,True,4.0,1.0,2.0,3.0,3.0,3.0,2,3,2,3
19,27,47,4,4.0,True,3.0,2.0,3.0,2.0,2.0,2.0,1,3,2,4
19,28,48,4,2.0,True,4.0,4.0,4.0,3.0,4.0,1.0,4,2,2,2
19,29,49,1,3.0,True,2.0,4.0,2.0,3.0,2.0,3.0,3,2,2,3
19,30,50,1,3.0,True,3.0,1.0,3.0,4.0,4.0,3.0,3,2,2,3
19,31,51,4,4.0,True,3.0,1.0,2.0,3.0,3.0,2.0,2,2,2,4
19,32,52,1,4.0,True,4.0,4.0,4.0,2.0,2.0,3.0,4,3,2,1
19,33,53,2,2.0,True,4.0,1.0,3.0,3.0,4.0,3.0,2,2,2,4
19,34,54,1,1.0,True,2.0,2.0,2.0,3.0,2.0,1.0,1,3,2,4
19,35,55,1,4.0,True,1.0,1.0,3.0,4.0,4.0,3.0,4,2,2,2
19,36,56,4,3.0,True,4.0,1.0,2.0,3.0,2.0,1.0,2,3,2,3
19,37,57,3,2.0,True,3.0,4.0,3.0,3.0,4.0,3.0,3,2,2,3
19,38,58,1,1.0,True,2.0,3.0,4.0,2.0,2.0,3.0,1,3,2,4
19,39,59,1,3.0,True,1.0,1.0,2.0,4.0,4.0,2.0,3,3,2,2
19,40,60,1,3.0,True,3.0,1.0,3.0,3.0,3.0,3.0,3,2,2,3
